"LeadH","InstH","CorrH","Scopus","WoS","FWCit","AbsViews","Mendelay","JIFPerc","Impact1","Impact5","Altmetric","SocMedia"
16,999,14,14,34,1.13,359,15,92.361,2.864,3.688,0,0
9,450,23,35,33,1.13,539,23,92.361,2.864,3.688,0,0
3,450,7,45,44,2,505,47,92.361,2.864,3.688,0,0
3,39,35,85,17,2.74,1271,341,92.361,2.864,3.688,37,16
5,350,5,29,27,1.5,311,42,92.361,2.864,3.688,0,0
7,350,10,36,31,1.16,816,68,92.361,2.864,3.688,6,5
8,92,25,17,14,1.33,868,53,92.361,2.864,3.688,0,0
7,175,7,6,3,0.33,695,26,92.361,2.864,3.688,0,0
1,33,19,50,50,2.49,198,28,92.361,2.864,3.688,0,0
1,41,14,13,13,0.97,194,32,92.361,2.864,3.688,0,0
16,225,16,101,102,5.01,524,126,92.361,2.864,3.688,0,0
2,999,2,5,4,0.48,413,17,92.361,2.864,3.688,0,0
7,450,7,89,81,6.49,752,88,92.361,2.864,3.688,1,1
15,999,15,53,53,2.83,448,70,92.361,2.864,3.688,1,1
8,450,13,78,71,5.99,4619,199,92.361,2.864,3.688,17,19
10,20,10,12,16,0.67,663,65,92.361,2.864,3.688,5,10
12,999,15,16,14,0.67,749,52,92.361,2.864,3.688,0,0
4,999,4,44,42,1.66,2250,78,92.361,2.864,3.688,21,25
12,999,12,31,31,1.16,515,23,92.361,2.864,3.688,0,0
10,350,10,37,36,2.26,229,62,92.361,2.864,3.688,0,0
5,999,5,32,26,1.66,725,51,92.361,2.864,3.688,0,0
14,125,14,47,39,2.42,357,52,92.361,2.864,3.688,0,0
8,175,8,61,60,2.66,163,43,92.361,2.864,3.688,0,0
1,175,9,13,9,0.83,677,36,92.361,2.864,3.688,0,0
8,999,8,116,119,3.66,1014,92,92.361,2.864,3.688,49,8
20,250,23,25,26,1.66,482,1,92.361,2.864,3.688,0,0
11,999,11,29,30,1.5,250,19,92.361,2.864,3.688,0,0
19,250,19,436,411,10.98,5252,5,92.361,2.864,3.688,131,67
1,39,3,6,6,0.5,385,49,92.361,2.864,3.688,3,0
14,999,14,28,27,1.13,497,74,92.361,2.864,3.688,1,1
28,450,28,14,11,0.67,429,0,92.361,2.864,3.688,0,0
3,87,5,27,23,1.61,1062,9,92.361,2.864,3.688,0,0
1,999,1,185,172,4.16,1000,200,92.361,2.864,3.688,6,3
13,250,13,123,109,4.99,960,17,92.361,2.864,3.688,1,1
3,53,3,17,15,1.66,640,22,92.361,2.864,3.688,0,0
20,26,20,44,43,1.5,290,50,92.361,2.864,3.688,0,0
10,250,10,6,3,0,225,18,92.361,2.864,3.688,0,0
19,999,19,29,26,1.16,529,25,92.361,2.864,3.688,2,2
22,350,26,67,66,2.99,582,62,92.361,2.864,3.688,0,0
6,175,14,23,19,0.67,2175,45,92.361,2.864,3.688,0,0
7,999,9,106,99,4.66,437,71,92.361,2.864,3.688,0,0
9,43,9,68,61,1.83,1493,70,92.361,2.864,3.688,0,0
1,37,18,21,19,1.45,1279,25,92.361,2.864,3.688,0,0
3,45,3,47,44,3.49,861,15,92.361,2.864,3.688,0,0
13,36,27,26,24,1.5,1060,59,92.361,2.864,3.688,0,0
12,999,12,15,13,0.97,381,12,92.361,2.864,3.688,0,0
6,350,1,27,27,1.66,392,46,92.361,2.864,3.688,0,0
18,450,18,27,23,2.33,629,26,92.361,2.864,3.688,0,0
9,43,9,32,25,0.81,41,43,92.361,2.864,3.688,3,0
1,74,1,12,10,0.48,248,17,92.361,2.864,3.688,0,0
9,999,12,22,25,1.83,419,20,92.361,2.864,3.688,4,1
21,175,21,13,10,0.83,264,10,92.361,2.864,3.688,0,0
1,999,1,42,34,1.16,1316,82,92.361,2.864,3.688,1,0
8,250,17,9,9,0.17,855,27,92.361,2.864,3.688,0,0
12,250,29,13,12,1.16,961,12,92.361,2.864,3.688,0,0
15,250,15,24,23,1.5,497,16,92.361,2.864,3.688,3,0
5,11,12,9,8,0.33,1173,26,92.361,2.864,3.688,0,0
16,58,4,11,10,0.67,417,2,92.361,2.864,3.688,0,0
9,51,9,23,21,0.67,726,16,92.361,2.864,3.688,0,0
8,250,8,48,49,1.16,1039,127,92.361,2.864,3.688,17,20
12,250,12,152,139,5.32,1005,28,92.361,2.864,3.688,1,2
12,999,12,17,16,0.67,1501,23,92.361,2.864,3.688,0,0
4,34,4,3,1,0.17,932,16,92.361,2.864,3.688,0,0
12,999,15,42,34,4.32,1409,18,92.361,2.864,3.688,0,0
4,46,4,18,16,0.83,1043,4,92.361,2.864,3.688,0,0
10,999,10,34,33,1.83,1021,15,92.361,2.864,3.688,0,0
6,26,7,2,2,0.33,505,3,92.361,2.864,3.688,0,0
2,999,40,22,22,0.65,311,24,92.361,2.864,3.688,0,0
8,450,14,33,29,1.66,5137,1,92.361,2.864,3.688,16,9
11,350,11,75,71,3.16,2153,90,92.361,2.864,3.688,5,0
8,250,13,20,21,0.83,445,20,92.361,2.864,3.688,0,0
39,999,37,66,63,2.49,1526,77,92.361,2.864,3.688,1,1
29,250,29,63,53,2.33,956,91,92.361,2.864,3.688,2,4
28,125,28,50,44,2.58,2450,24,92.361,2.864,3.688,0,0
4,250,29,30,30,1.33,541,15,92.361,2.864,3.688,0,0
20,999,20,21,20,1,1055,60,92.361,2.864,3.688,0,0
4,350,4,37,31,2,630,29,92.361,2.864,3.688,1,1
3,125,12,21,20,0.75,1188,21,92.361,2.864,3.688,0,0
7,350,7,10,8,0.48,1030,20,92.361,2.864,3.688,0,0
2,350,11,13,10,0.67,1400,38,92.361,2.864,3.688,0,0
21,4,21,65,64,1.78,500,15,92.361,2.864,3.688,0,0
2,43,16,31,30,1.5,927,18,92.361,2.864,3.688,0,0
25,53,25,20,18,1.66,506,28,92.361,2.864,3.688,0,0
16,999,16,27,21,1.37,1001,41,95.07,3.399,4.078,13,19
10,175,10,9,9,0.52,603,7,95.07,3.399,4.078,0,0
6,350,6,41,37,2.75,2825,69,95.07,3.399,4.078,4,1
12,999,15,13,10,0.34,1016,31,95.07,3.399,4.078,0,0
10,125,17,22,18,2.23,802,38,95.07,3.399,4.078,0,0
1,125,1,49,50,3.61,998,40,95.07,3.399,4.078,0,0
18,999,25,5,3,0.34,788,1,95.07,3.399,4.078,0,0
6,20,6,82,79,5.33,1146,139,95.07,3.399,4.078,3,5
18,175,37,19,16,2.23,433,15,95.07,3.399,4.078,0,0
6,92,26,127,102,8.25,1821,172,95.07,3.399,4.078,46,30
12,999,12,32,26,1.89,2044,40,95.07,3.399,4.078,0,0
8,125,26,81,78,4.47,1675,97,95.07,3.399,4.078,30,46
7,999,25,32,26,1.03,1225,32,95.07,3.399,4.078,4,5
18,175,29,21,20,1.2,947,16,95.07,3.399,4.078,0,0
14,999,14,81,78,3.95,782,95,95.07,3.399,4.078,0,0
3,999,3,36,35,1.72,692,78,95.07,3.399,4.078,4,3
11,350,11,55,50,2.41,1027,76,95.07,3.399,4.078,0,0
2,53,12,20,14,0.17,3016,38,95.07,3.399,4.078,2,3
1,53,19,47,41,3.44,707,60,95.07,3.399,4.078,6,10
15,250,16,9,9,0.52,592,13,95.07,3.399,4.078,0,0
30,450,35,89,77,6.19,707,55,95.07,3.399,4.078,0,0
1,31,19,48,6,2.75,630,45,95.07,3.399,4.078,0,0
8,175,8,27,19,2.21,1037,16,95.07,3.399,4.078,0,0
8,350,10,15,15,0.85,369,21,95.07,3.399,4.078,0,0
8,999,8,27,27,1.36,514,34,95.07,3.399,4.078,0,0
1,999,12,38,38,2.39,671,67,95.07,3.399,4.078,0,0
3,999,3,12,12,0.51,3001,15,95.07,3.399,4.078,0,0
16,250,30,90,81,4.6,2176,67,95.07,3.399,4.078,35,6
5,999,5,35,33,1.7,967,53,95.07,3.399,4.078,4,1
11,350,11,7,8,0.51,1095,35,95.07,3.399,4.078,6,9
12,999,12,26,23,2.21,1277,37,95.07,3.399,4.078,0,0
9,250,11,6,5,0.68,479,12,95.07,3.399,4.078,0,0
6,999,6,22,17,1.19,1526,3,95.07,3.399,4.078,0,0
6,33,6,14,14,1.19,478,0,95.07,3.399,4.078,0,0
22,350,37,26,25,1.7,1033,40,95.07,3.399,4.078,0,0
13,999,13,24,24,0.85,528,24,95.07,3.399,4.078,0,0
3,125,13,1,1,0,802,4,95.07,3.399,4.078,0,0
20,999,20,29,29,2.04,812,29,95.07,3.399,4.078,0,0
2,99,14,51,46,1.53,852,17,95.07,3.399,4.078,0,0
7,999,7,20,14,2.21,461,21,95.07,3.399,4.078,0,0
19,250,44,7,7,0,322,19,95.07,3.399,4.078,0,0
10,999,34,12,10,0.68,1143,4,95.07,3.399,4.078,0,0
9,350,9,28,21,0.85,1212,45,95.07,3.399,4.078,1,1
11,999,11,56,49,3.07,2985,124,95.07,3.399,4.078,11,1
14,250,30,3,4,0,532,9,95.07,3.399,4.078,0,0
7,175,7,13,14,0.51,760,20,95.07,3.399,4.078,0,0
10,250,16,19,19,1.87,453,13,95.07,3.399,4.078,0,0
5,125,21,21,23,1.02,699,17,95.07,3.399,4.078,0,0
23,999,23,16,15,0.51,1264,28,95.07,3.399,4.078,0,0
23,999,23,18,14,1.02,729,32,95.07,3.399,4.078,0,0
10,250,15,17,16,0.85,519,15,95.07,3.399,4.078,1,1
14,450,5,8,8,0.34,1214,3,95.07,3.399,4.078,0,0
7,175,12,12,12,0.34,1038,16,95.07,3.399,4.078,0,0
30,175,30,32,30,0.85,1235,30,95.07,3.399,4.078,3,0
9,999,18,89,81,5.11,2009,104,95.07,3.399,4.078,2,2
16,999,16,62,56,2.71,2732,73,95.07,3.399,4.078,0,0
16,125,26,14,9,0.85,978,36,95.07,3.399,4.078,1,1
9,53,19,109,101,3.24,818,39,95.07,3.399,4.078,13,3
18,450,16,43,38,2.73,1897,24,95.07,3.399,4.078,0,0
31,999,31,24,23,1.19,1917,48,95.07,3.399,4.078,0,0
9,125,26,18,17,1.02,1493,52,95.07,3.399,4.078,5,4
2,175,2,13,9,0.34,1766,19,95.07,3.399,4.078,0,0
4,175,36,19,20,1.02,714,27,95.07,3.399,4.078,0,0
11,350,35,37,36,1.36,1766,3,95.07,3.399,4.078,0,0
13,999,13,26,23,0.85,1686,35,95.07,3.399,4.078,0,0
12,250,15,8,8,0.17,1002,32,95.07,3.399,4.078,0,0
16,250,16,42,40,1.53,1806,38,95.07,3.399,4.078,1,1
19,450,19,18,18,0.68,2766,29,95.07,3.399,4.078,0,0
10,125,26,35,32,1.87,3597,79,95.07,3.399,4.078,12,1
10,500,10,23,21,1.36,877,32,95.07,3.399,4.078,0,0
7,450,7,58,56,3.92,2775,57,95.07,3.399,4.078,18,2
12,175,21,34,33,2.73,1247,42,95.07,3.399,4.078,0,0
16,125,16,89,76,4.89,320,60,96.85,3.97,3.824,3,0
2,80,18,29,25,1.83,218,54,96.85,3.97,3.824,0,0
8,450,23,96,89,3.88,573,108,96.85,3.97,3.824,7,8
4,125,16,24,20,1.8,178,26,96.85,3.97,3.824,0,0
5,1,30,58,57,1.49,486,54,96.85,3.97,3.824,0,0
6,125,6,48,33,1.18,1178,10,96.85,3.97,3.824,9,1
19,18,19,51,48,1.01,1933,58,96.85,3.97,3.824,1,1
6,999,6,33,27,1.49,271,35,96.85,3.97,3.824,0,0
34,999,34,284,224,12.94,164,143,96.85,3.97,3.824,10,17
34,999,34,111,90,8.3,363,56,96.85,3.97,3.824,0,0
33,450,33,127,109,6.58,419,74,96.85,3.97,3.824,0,0
9,999,9,12,9,0.66,1563,56,96.85,3.97,3.824,0,0
20,999,20,390,358,11.29,2147,500,96.8499999999999,3.97,3.824,38,54
6,999,6,48,38,1.01,298,34,96.8499999999999,3.97,3.824,0,0
37,68,43,15,10,1.35,957,68,96.8499999999999,3.97,3.824,0,0
2,999,25,13,15,0.84,505,27,96.8499999999999,3.97,3.824,0,0
7,450,28,67,52,3.71,862,123,96.8499999999999,3.97,3.824,2,3
7,1,7,82,56,5.84,79,94,96.8499999999999,3.97,3.824,0,0
3,999,3,53,50,0.97,2233,77,96.8499999999999,3.97,3.824,0,0
13,999,13,23,19,1.16,795,29,96.8499999999998,3.97,3.824,0,0
35,21,35,74,61,3.32,697,45,96.8499999999998,3.97,3.824,0,0
16,999,16,67,61,1.49,1348,96,96.8499999999998,3.97,3.824,0,0
22,26,22,45,33,1.69,1458,81,96.8499999999998,3.97,3.824,2,3
9,56,9,36,21,1.35,1300,56,96.8499999999998,3.97,3.824,1,1
20,999,20,78,61,5.06,678,39,96.8499999999998,3.97,3.824,3,0
8,999,8,111,110,6.07,1197,86,96.8499999999997,3.97,3.824,0,0
17,999,12,60,55,3.15,1409,85,96.8499999999997,3.97,3.824,0,0
1,28,25,75,58,2.32,1153,58,96.8499999999997,3.97,3.824,0,0
1,999,34,5,3,0.5,551,32,96.8499999999997,3.97,3.824,0,0
29,250,16,29,24,1.83,252,10,96.8499999999997,3.97,3.824,0,0
7,350,33,177,142,4.55,567,110,96.8499999999997,3.97,3.824,0,0
24,1,51,62,55,1.49,1633,67,96.8499999999997,3.97,3.824,7,0
22,999,22,34,27,2.36,1172,52,96.8499999999997,3.97,3.824,0,0
17,999,17,75,69,3.82,1950,290,96.8499999999996,3.97,3.824,38,54
5,999,5,17,20,0.84,2813,109,96.8499999999996,3.97,3.824,4,6
5,999,5,20,20,0.17,733,45,96.8499999999996,3.97,3.824,0,0
6,350,6,12,11,0.5,730,33,96.8499999999996,3.97,3.824,0,0
15,175,15,45,34,2.19,482,4,96.8499999999996,3.97,3.824,0,0
7,91,32,97,84,2.87,1241,51,96.8499999999996,3.97,3.824,0,0
26,29,17,25,23,1,1119,12,96.8499999999996,3.97,3.824,2,0
1,90,1,69,18,2.87,568,63,96.8499999999995,3.97,3.824,0,0
12,175,12,49,41,1.49,978,44,96.8499999999995,3.97,3.824,0,0
9,250,9,54,43,1.99,764,9,96.8499999999995,3.97,3.824,0,0
25,250,25,22,22,1.18,483,36,96.8499999999995,3.97,3.824,0,0
22,450,22,119,97,3.82,445,51,96.8499999999995,3.97,3.824,0,0
44,125,44,42,36,2.33,598,52,96.8499999999995,3.97,3.824,0,0
36,12,36,43,34,2.87,733,40,96.8499999999995,3.97,3.824,0,0
1,125,1,86,16,4.55,1941,24,96.8499999999994,3.97,3.824,1,1
8,999,8,16,10,0.33,1622,66,96.8499999999994,3.97,3.824,0,0
22,999,22,57,48,3.15,357,47,96.8499999999994,3.97,3.824,0,0
11,68,11,70,49,1.01,2208,65,96.8499999999994,3.97,3.824,0,0
11,999,11,151,135,8.43,575,2,96.8499999999994,3.97,3.824,0,0
18,24,18,76,68,3.21,1127,121,96.8499999999994,3.97,3.824,2,3
12,999,30,139,116,5.48,922,56,96.8499999999994,3.97,3.824,0,0
44,125,44,12,10,0.34,1455,34,96.8499999999994,3.97,3.824,0,0
10,999,10,35,26,1.66,1806,48,96.8499999999993,3.97,3.824,0,0
10,250,10,35,30,1.35,1221,60,96.8499999999993,3.97,3.824,1,1
33,999,33,22,18,1.33,873,41,96.8499999999993,3.97,3.824,1,1
1,175,1,35,29,2.02,2756,62,96.8499999999993,3.97,3.824,0,0
2,999,2,92,81,3.98,1642,111,96.8499999999993,3.97,3.824,0,0
23,999,23,39,39,1.18,1992,104,96.8499999999993,3.97,3.824,1,1
24,999,50,91,71,3.37,820,69,96.8499999999993,3.97,3.824,0,0
3,999,3,78,72,3.71,1075,85,96.8499999999992,3.97,3.824,0,0
19,125,19,60,53,1.86,1002,188,96.8499999999992,3.97,3.824,10,0
50,125,19,38,22,1.33,946,37,96.8499999999992,3.97,3.824,0,0
59,999,17,19,17,1,1132,65,96.8499999999992,3.97,3.824,0,0
2,125,2,17,13,0.66,930,29,96.8499999999992,3.97,3.824,0,0
7,34,45,53,38,2.32,509,27,96.8499999999992,3.97,3.824,0,0
5,999,5,34,28,1.33,2304,104,96.8499999999992,3.97,3.824,1,2
1,125,20,76,64,1.52,2216,173,96.8499999999992,3.97,3.824,1,1
43,125,36,79,65,1.69,356,44,96.8499999999991,3.97,3.824,0,0
5,68,33,128,103,8.02,401,37,96.8499999999991,3.97,3.824,0,0
3,999,3,137,110,8.63,765,12,96.8499999999991,3.97,3.824,3,0
13,999,29,98,88,3.54,3856,112,96.8499999999991,3.97,3.824,10,0
30,999,2,57,46,1.86,1831,63,96.8499999999991,3.97,3.824,0,0
2,88,2,63,57,2.36,941,34,96.8499999999991,3.97,3.824,0,0
34,175,34,51,44,2.82,1862,135,96.8499999999991,3.97,3.824,4,1
27,999,38,15,11,1,3344,28,96.849999999999,3.97,3.824,18,4
15,999,15,153,116,3.88,747,52,96.849999999999,3.97,3.824,0,0
17,999,28,79,68,3.21,1129,65,96.849999999999,3.97,3.824,0,0
14,125,14,19,14,0.83,592,22,96.849999999999,3.97,3.824,0,0
3,999,9,164,146,4.81,563,53,96.849999999999,3.97,3.824,0,0
3,999,3,26,26,0.66,2233,40,96.849999999999,3.97,3.824,0,0
23,999,23,11,13,0.5,760,14,96.849999999999,3.97,3.824,0,0
43,13,43,28,27,0.5,2184,24,96.8499999999989,3.97,3.824,2,3
12,999,12,96,85,2.02,1295,14,96.8499999999989,3.97,3.824,3,0
53,71,53,90,88,2.87,888,64,96.8499999999989,3.97,3.824,3,3
22,999,14,18,15,1.01,694,10,96.8499999999989,3.97,3.824,1,1
8,350,8,79,70,3.21,4354,7,96.8499999999989,3.97,3.824,0,0
8,350,8,41,40,1.52,5312,42,96.8499999999989,3.97,3.824,0,0
43,999,43,200,187,5.74,1344,113,96.8499999999989,3.97,3.824,3,4
9,64,9,42,40,2.16,1181,38,96.8499999999989,3.97,3.824,0,0
50,999,50,51,45,3.21,932,47,96.8499999999988,3.97,3.824,0,0
46,250,44,124,121,5.4,659,53,96.8499999999988,3.97,3.824,0,0
10,999,10,35,32,2.49,1251,19,96.8499999999988,3.97,3.824,0,0
14,999,14,29,25,0.33,2308,56,96.8499999999988,3.97,3.824,3,3
28,175,28,65,56,3.04,968,1,96.8499999999988,3.97,3.824,0,0
7,125,7,16,12,0.83,556,21,96.8499999999988,3.97,3.824,0,0
11,59,11,49,47,1.88,1051,132,96.8499999999988,3.97,3.824,18,11
35,125,35,11,12,0.55,2802,34,96.8499999999988,3.97,3.824,13,11
2,999,2,10,7,1.48,1707,24,96.8499999999987,3.97,3.824,0,0
14,13,14,72,67,2.05,1204,19,96.8499999999987,3.97,3.824,0,0
2,999,31,59,47,2.74,720,38,96.8499999999987,3.97,3.824,0,0
15,999,15,43,37,2.03,1308,3,96.8499999999987,3.97,3.824,3,0
7,250,7,32,28,2.05,723,75,96.8499999999987,3.97,3.824,0,0
33,90,33,405,347,31.2,1538,188,96.8499999999987,3.97,3.824,1,1
30,999,58,143,112,10.09,1932,55,96.8499999999987,3.97,3.824,0,0
11,90,11,12,8,0.34,1702,1,96.8499999999987,3.97,3.824,0,0
8,350,8,39,36,2.23,2497,6,96.8499999999986,3.97,3.824,0,0
3,999,3,35,32,1.54,1888,4,96.8499999999986,3.97,3.824,0,0
11,350,46,54,44,3.25,824,14,96.8499999999986,3.97,3.824,0,0
10,999,10,9,6,0.34,924,15,96.8499999999986,3.97,3.824,0,0
8,27,32,43,45,3.59,543,3,96.8499999999986,3.97,3.824,0,0
16,175,16,93,90,3.08,1566,113,96.8499999999986,3.97,3.824,13,6
41,999,58,137,107,10.27,1317,91,96.8499999999986,3.97,3.824,0,0
4,999,4,8,7,0.51,1154,25,96.8499999999985,3.97,3.824,1,1
18,350,18,33,24,1.37,2067,58,96.8499999999985,3.97,3.824,0,0
20,13,20,38,30,1.71,2811,2,96.8499999999985,3.97,3.824,1,1
10,999,10,71,66,2.91,1232,2,96.8499999999985,3.97,3.824,7,0
8,52,33,60,54,2.74,1401,46,96.8499999999985,3.97,3.824,0,0
4,999,40,84,76,4.45,4664,83,96.8499999999985,3.97,3.824,16,8
4,68,4,49,33,1.88,1335,33,96.8499999999985,3.97,3.824,0,0
22,125,22,32,29,2.4,3171,103,96.8499999999984,3.97,3.824,0,0
3,999,3,26,21,1.54,975,3,96.8499999999984,3.97,3.824,0,0
2,999,27,29,25,1.88,1292,29,96.8499999999984,3.97,3.824,0,0
2,450,13,6,6,0.17,964,8,96.8499999999984,3.97,3.824,0,0
7,999,7,16,14,0.86,1100,20,96.8499999999984,3.97,3.824,0,0
34,6,34,47,47,4.11,1677,32,96.8499999999984,3.97,3.824,0,0
5,125,5,135,118,7.03,4592,285,96.8499999999984,3.97,3.824,0,0
6,999,6,110,102,5.47,9235,205,96.8499999999984,3.97,3.824,0,0
9,450,7,82,71,3.43,796,7,96.8499999999983,3.97,3.824,0,0
3,999,32,79,77,3.43,5490,110,96.8499999999983,3.97,3.824,0,0
21,71,26,43,32,1.71,1600,41,96.8499999999983,3.97,3.824,0,0
5,350,13,63,46,2.74,1962,49,96.8499999999983,3.97,3.824,0,0
18,450,21,30,24,0.86,1544,25,96.8499999999983,3.97,3.824,0,0
6,28,22,39,35,1.88,2728,38,96.8499999999983,3.97,3.824,1,1
4,31,4,30,28,0.86,1375,20,96.8499999999983,3.97,3.824,0,0
20,999,20,53,42,2.05,1488,3,96.8499999999982,3.97,3.824,7,10
20,33,20,29,25,2.06,1360,3,96.8499999999982,3.97,3.824,0,0
20,999,20,275,232,13.02,9907,443,96.8499999999982,3.97,3.824,3,5
25,2,25,43,76,2.91,1140,24,96.8499999999982,3.97,3.824,0,0
13,999,13,84,73,4.8,964,25,96.8499999999982,3.97,3.824,0,0
21,450,21,39,28,1.54,1427,45,96.8499999999982,3.97,3.824,0,0
31,999,31,58,52,4.28,791,23,96.8499999999982,3.97,3.824,0,0
13,250,13,21,22,1.54,777,19,96.8499999999981,3.97,3.824,0,0
8,999,11,14,14,0.51,2764,28,96.8499999999981,3.97,3.824,0,0
1,34,45,38,29,2.06,795,27,96.8499999999981,3.97,3.824,0,0
19,175,43,193,165,12.32,2131,97,96.8499999999981,3.97,3.824,0,0
1,47,1,98,79,3.93,2752,195,96.8499999999981,3.97,3.824,1,1
18,999,12,15,15,1.2,1761,27,96.8499999999981,3.97,3.824,0,0
9,999,9,19,12,1.2,2591,32,96.8499999999981,3.97,3.824,0,0
8,29,8,16,43,2.4,1919,105,96.849999999998,3.97,3.824,16,24
13,999,13,74,70,1.88,4840,171,96.849999999998,3.97,3.824,2,2
15,999,15,42,35,1.2,1570,37,96.849999999998,3.97,3.824,0,0
26,125,23,24,19,3.54,4416,4,96.849999999998,3.97,3.824,0,0
8,999,8,27,25,1.29,1287,26,96.849999999998,3.97,3.824,0,0
3,999,3,9,7,1.29,2348,18,96.849999999998,3.97,3.824,0,0
8,125,8,13,9,1.93,1325,16,96.849999999998,3.97,3.824,0,0
30,62,30,20,12,0.64,4456,48,96.8499999999979,3.97,3.824,0,0
4,999,13,17,13,0.97,3275,65,96.8499999999979,3.97,3.824,2,2
28,450,28,150,133,6.67,1293,21,96.8499999999979,3.97,3.824,0,0
34,68,34,83,68,2.4,3283,30,96.8499999999979,3.97,3.824,0,0
3,24,31,27,26,2.05,1037,23,96.8499999999979,3.97,3.824,0,0
35,29,35,60,56,3.76,2258,33,96.8499999999979,3.97,3.824,7,0
45,34,45,11,10,0.86,1388,1,96.8499999999979,3.97,3.824,0,0
12,999,12,75,70,2.91,1155,6,96.8499999999979,3.97,3.824,0,0
11,1,30,82,78,5.47,1032,20,96.8499999999978,3.97,3.824,0,0
11,35,25,12,10,1.54,1283,26,96.8499999999978,3.97,3.824,0,0
16,28,25,64,56,1.88,1382,49,96.8499999999978,3.97,3.824,0,0
7,999,52,40,43,2.74,1184,48,96.8499999999978,3.97,3.824,0,0
22,50,20,63,57,1.71,1124,45,96.8499999999978,3.97,3.824,0,0
16,999,16,41,33,1.37,787,20,96.8499999999978,3.97,3.824,0,0
1,175,20,18,18,0.66,1,15,97.917,3.632,3.642,1,0
5,250,11,46,45,3.06,8,9,97.917,3.632,3.642,0,0
2,999,2,15,15,0.79,2,25,97.917,3.632,3.642,0,0
5,85,5,9,10,0.66,1,10,97.917,3.632,3.642,0,0
3,450,31,3,3,0.18,277,7,97.917,3.632,3.642,0,0
10,999,10,25,29,1.05,2,28,97.917,3.632,3.642,0,0
6,250,8,12,14,0.92,4,4,97.917,3.632,3.642,0,0
11,85,11,15,15,0.79,3,6,97.917,3.632,3.642,3,0
16,31,22,25,25,1.58,2,23,97.917,3.632,3.642,0,0
9,85,16,10,10,0.66,2,6,97.917,3.632,3.642,0,0
5,450,3,41,45,1.02,3,18,97.917,3.632,3.642,0,0
5,44,62,41,41,1.43,10,9,97.917,3.632,3.642,1,1
4,18,21,32,36,2.24,1,21,97.917,3.632,3.642,3,0
11,23,11,2,2,0.1,2,17,97.917,3.632,3.642,0,0
26,30,26,75,80,3.03,15,92,97.917,3.632,3.642,0,0
8,88,14,29,32,1.19,3,4,97.917,3.632,3.642,0,0
16,250,30,131,136,4.13,1,74,97.917,3.632,3.642,1,1
11,48,19,15,15,0.66,2,6,97.917,3.632,3.642,0,0
9,125,9,5,6,0.66,2,9,97.917,3.632,3.642,0,0
8,43,26,18,22,0.79,4,45,97.917,3.632,3.642,0,0
7,350,7,10,10,0.8,3,6,97.917,3.632,3.642,0,0
36,71,36,72,70,3.69,1,44,97.917,3.632,3.642,6,7
15,175,22,49,27,0.53,308,58,97.917,3.632,3.642,2,1
7,350,7,155,168,4.19,25,525,97.917,3.632,3.642,160,103
9,18,9,9,10,0.4,1,1,97.917,3.632,3.642,0,0
8,999,8,30,9,0.55,1111,51,97.917,3.632,3.642,0,0
11,999,9,7,11,0.53,1,6,97.917,3.632,3.642,0,0
1,350,1,6,8,0.4,181,23,97.917,3.632,3.642,1,0
6,51,6,58,62,1.84,266,22,97.917,3.632,3.642,0,0
5,999,5,9,10,0,272,3,97.917,3.632,3.642,0,0
9,450,9,12,16,0.71,82,31,97.917,3.632,3.642,0,0
13,999,13,22,23,1.19,103,39,97.917,3.632,3.642,0,0
22,350,22,48,53,2.24,59,49,97.917,3.632,3.642,0,0
12,13,12,52,54,1.58,37,25,97.917,3.632,3.642,0,0
30,350,30,23,22,1.98,97,33,97.917,3.632,3.642,0,0
12,999,7,28,29,1.45,225,22,97.917,3.632,3.642,0,0
15,175,15,24,27,1.84,327,23,97.917,3.632,3.642,0,0
10,999,1,10,11,0.41,115,8,97.917,3.632,3.642,0,0
1,350,5,9,9,0.4,139,6,97.917,3.632,3.642,0,0
9,16,9,18,20,0.82,216,28,97.917,3.632,3.642,0,0
8,999,8,10,11,0.4,166,8,97.917,3.632,3.642,0,0
7,43,7,50,52,1.12,85,63,97.917,3.632,3.642,0,3
10,37,10,23,24,1.45,46,4,97.917,3.632,3.642,0,0
8,250,8,7,0,0,9,20,97.917,3.632,3.642,0,0
9,68,89,36,43,1.63,140,16,97.917,3.632,3.642,0,0
24,350,13,29,26,1.05,345,1,97.917,3.632,3.642,3,0
16,55,16,18,20,0.53,222,29,97.917,3.632,3.642,0,0
13,999,13,32,28,0.61,60,17,97.917,3.632,3.642,0,0
21,999,5,14,20,0.4,250,2,97.917,3.632,3.642,0,0
5,21,12,20,21,0.92,60,9,97.917,3.632,3.642,0,0
7,15,25,4,4,0,109,7,97.917,3.632,3.642,0,0
11,125,9,37,42,1.46,123,10,97.917,3.632,3.642,0,0
3,125,14,23,24,0.82,256,12,97.917,3.632,3.642,0,0
11,250,11,60,73,2.79,262,47,97.917,3.632,3.642,0,0
5,43,31,19,25,0.73,253,51,97.917,3.632,3.642,1,1
5,125,26,8,9,0.55,95,8,97.917,3.632,3.642,0,0
3,175,6,19,20,0.73,146,16,97.917,3.632,3.642,0,0
10,30,10,13,14,0.46,78,7,97.917,3.632,3.642,0,0
18,1,18,8,9,0.18,72,3,97.917,3.632,3.642,0,0
6,80,22,18,18,0.8,226,30,97.917,3.632,3.642,0,0
13,85,13,31,33,1.46,124,20,97.917,3.632,3.642,0,0
32,125,19,50,53,1.73,87,16,97.917,3.632,3.642,0,0
27,51,27,175,189,5.58,393,220,97.917,3.632,3.642,11,17
15,350,15,16,16,0.46,78,7,97.917,3.632,3.642,0,0
1,250,1,6,8,0.27,341,15,97.917,3.632,3.642,0,0
8,999,8,62,68,2.39,242,70,97.917,3.632,3.642,1,1
3,85,13,13,13,0.8,57,2,97.917,3.632,3.642,0,0
66,44,66,42,42,0.92,102,33,97.917,3.632,3.642,4,4
104,999,104,30,35,1.2,184,108,97.917,3.632,3.642,1,2
6,8,20,67,70,2.92,76,48,97.917,3.632,3.642,0,0
19,250,19,47,53,1.74,141,23,97.917,3.632,3.642,0,0
6,250,6,16,15,0.18,51,6,97.917,3.632,3.642,0,0
3,175,3,14,15,0.27,97,9,97.917,3.632,3.642,0,0
10,999,1,14,13,0.37,164,10,97.917,3.632,3.642,0,0
15,999,22,23,27,0.53,308,58,97.917,3.632,3.642,1,1
16,350,16,16,17,0.8,587,3,97.917,3.632,3.642,0,0
9,999,9,25,26,0.92,194,20,97.917,3.632,3.642,0,0
16,999,16,27,27,1.06,94,27,97.917,3.632,3.642,0,0
19,450,19,179,191,3.59,531,83,97.917,3.632,3.642,36,10
8,999,23,24,30,1.46,294,29,97.917,3.632,3.642,0,0
11,999,18,10,10,0.27,161,21,97.917,3.632,3.642,0,0
8,999,7,7,45,1.46,84,26,97.917,3.632,3.642,0,0
7,125,13,10,9,0.27,108,29,97.917,3.632,3.642,0,0
7,999,14,24,29,1.46,83,28,97.917,3.632,3.642,0,0
9,250,23,14,15,0.8,85,4,97.917,3.632,3.642,1,0
23,999,23,18,16,0.66,245,12,97.917,3.632,3.642,0,0
25,999,25,13,15,0.18,378,12,97.917,3.632,3.642,0,0
20,999,20,123,157,4.86,788,153,97.917,3.632,3.642,31,29
23,125,11,21,22,1.2,181,6,97.917,3.632,3.642,0,0
25,125,25,10,12,0.37,173,7,97.917,3.632,3.642,0,0
17,250,17,37,38,1.59,202,26,97.917,3.632,3.642,1,0
17,450,35,27,29,1.41,4,23,100,3.632,3.642,0,0
14,999,13,58,61,2.56,14,60,100,3.632,3.642,1,1
13,175,26,61,62,2.17,6,98,100,3.632,3.642,0,0
3,350,12,39,44,2.07,2,23,100,3.632,3.642,0,0
8,250,30,43,46,2.69,6,34,100,3.632,3.642,0,0
23,250,9,2,2,0.19,2,10,100,3.632,3.642,0,0
12,64,22,56,62,2.56,11,28,100,3.632,3.642,8,0
9,48,8,17,6,0.27,472,43,100,3.632,3.642,0,0
6,999,7,69,77,3.5,1,54,100,3.632,3.642,1,1
2,999,10,15,16,0.66,4,10,100,3.632,3.642,1,0
21,125,18,21,25,1.21,6,27,100,3.632,3.642,0,0
18,16,18,4,10,0.28,4,28,100,3.632,3.642,0,0
6,250,8,22,24,1.75,8,8,100,3.632,3.642,0,0
13,175,13,16,17,0.66,10,19,100,3.632,3.642,0,0
11,999,24,46,50,1.13,5,81,100,3.632,3.642,0,0
86,350,7,21,22,0.38,291,8,100,3.632,3.642,0,0
2,175,28,42,53,2.42,211,41,100,3.632,3.642,0,0
7,999,7,52,55,2.17,180,24,100,3.632,3.642,0,0
4,250,26,30,29,1.51,372,34,100,3.632,3.642,0,0
7,125,7,31,35,0.57,255,28,100,3.632,3.642,0,0
12,250,12,15,16,0.57,334,33,100,3.632,3.642,0,0
15,350,14,12,12,0.94,87,22,100,3.632,3.642,0,0
4,450,4,34,35,2.02,182,1,100,3.632,3.642,0,0
22,30,35,62,70,4.03,1037,190,100,3.632,3.642,34,49
3,999,3,7,7,0.38,87,19,100,3.632,3.642,0,0
3,30,3,15,16,0.75,144,5,100,3.632,3.642,0,0
18,350,22,25,25,1.21,202,20,100,3.632,3.642,0,0
9,18,14,58,61,2.69,104,35,100,3.632,3.642,0,0
5,125,29,70,67,2.92,74,11,100,3.632,3.642,1,1
16,15,47,16,16,0.5,414,21,100,3.632,3.642,3,2
4,80,22,26,27,1.51,157,19,100,3.632,3.642,0,0
19,999,19,36,38,1.13,220,33,100,3.632,3.642,0,0
17,28,17,75,79,1.7,213,69,100,3.632,3.642,0,0
8,450,15,37,44,1.22,343,67,100,3.632,3.642,1,1
30,450,35,185,208,9.34,668,175,100,3.632,3.642,1,1
8,250,13,42,46,2.14,340,39,100,3.632,3.642,1,0
1,999,1,16,19,0.47,134,20,100,3.632,3.642,0,0
13,18,16,107,114,3.11,243,37,100,3.632,3.642,0,0
1,350,15,33,35,1.13,178,15,100,3.632,3.642,0,0
10,150,10,6,9,0.38,286,27,100,3.632,3.642,0,0
15,999,16,5,10,0.19,508,16,100,3.632,3.642,0,0
5,88,5,36,40,1.01,345,108,100,3.632,3.642,0,0
2,175,2,14,14,0.19,153,6,100,3.632,3.642,0,0
18,125,18,19,21,0.94,447,20,100,3.632,3.642,0,0
8,43,8,42,48,1.77,219,48,100,3.632,3.642,1,3
4,999,22,13,12,0.38,465,28,100,3.632,3.642,0,0
6,17,13,12,15,0.47,208,14,100,3.632,3.642,0,0
24,59,11,35,35,0.57,113,35,100,3.632,3.642,0,1
6,250,30,30,30,1.89,130,21,100,3.632,3.642,0,0
7,350,7,7,9,0.09,364,24,100,3.632,3.642,0,0
19,999,19,8,8,0.09,118,12,100,3.632,3.642,0,0
16,250,16,23,26,1.26,472,69,100,3.632,3.642,1,1
11,175,16,27,31,1.6,255,31,100,3.632,3.642,0,0
7,350,12,22,29,0.75,220,15,100,3.632,3.642,0,0
13,999,6,13,12,0.28,144,19,100,3.632,3.642,0,0
18,175,42,25,26,1.32,162,7,100,3.632,3.642,0,0
22,350,12,9,9,0.38,278,66,100,3.632,3.642,0,0
12,250,11,23,25,1.04,153,41,100,3.632,3.642,0,0
11,250,34,24,27,0.94,264,16,100,3.632,3.642,0,0
8,22,74,10,11,0.75,162,11,100,3.632,3.642,0,0
0,999,10,32,13,0.51,663,69,100,3.632,3.642,2,34
10,26,9,13,14,0.38,276,12,100,3.632,3.642,0,0
9,51,22,12,13,0.47,203,11,100,3.632,3.642,0,0
21,175,21,38,44,0.94,253,23,100,3.632,3.642,0,0
1,250,1,8,10,0.28,187,11,100,3.632,3.642,0,0
15,88,15,10,10,0.19,264,17,100,3.632,3.642,0,0
10,999,11,5,5,0.09,247,11,100,3.632,3.642,0,0
6,999,10,17,18,0.66,170,1,100,3.632,3.642,0,1
8,999,8,8,8,0.19,424,2,100,3.632,3.642,0,0
8,999,8,36,43,1.7,278,17,100,3.632,3.642,0,0
19,999,19,52,52,1.22,341,58,100,3.632,3.642,3,0
2,999,11,20,20,0.47,206,7,100,3.632,3.642,1,1
6,175,6,48,46,1.51,559,70,100,3.632,3.642,0,0
37,68,37,124,46,6.03,1281,175,100,3.632,3.642,5,7
13,250,12,12,12,0.28,849,47,100,3.632,3.642,0,0
13,999,6,16,19,0.47,449,22,100,3.632,3.642,0,0
30,999,30,28,32,0.94,386,79,100,3.632,3.642,0,2
15,350,15,98,111,3.3,357,140,100,3.632,3.642,11,9
7,20,7,23,23,0.94,179,6,100,3.632,3.642,0,0
6,88,6,8,8,0.47,284,7,100,3.632,3.642,0,0
2,250,2,5,6,0.19,124,4,100,3.632,3.642,0,0
1,125,12,34,34,1.51,148,9,100,3.632,3.642,0,0
24,350,24,39,37,0.85,730,65,100,3.632,3.642,19,10
8,350,8,30,32,0.66,500,48,100,3.632,3.642,0,0
33,999,33,31,32,0.75,326,24,100,3.632,3.642,0,0
29,350,2,56,11,0.75,256,17,100,3.632,3.642,0,0
9,250,26,43,45,1.6,302,25,100,3.632,3.642,0,0
4,125,4,5,5,0.15,329,3,100,3.632,3.642,0,0
17,450,35,20,23,1.41,245,34,100,3.632,3.642,0,0
10,175,19,15,14,0.74,35,11,81.25,1.752,2.103,0,0
18,999,18,15,12,1.18,83,17,81.25,1.752,2.103,0,0
19,125,19,47,42,1.45,247,65,81.25,1.752,2.103,0,0
10,999,10,26,20,1.18,244,17,81.25,1.752,2.103,0,0
11,250,20,8,8,0,144,21,81.25,1.752,2.103,0,0
6,450,6,17,12,0.74,330,43,81.25,1.752,2.103,0,0
6,175,6,9,8,0.74,745,51,81.25,1.752,2.103,0,0
9,450,5,9,8,0.35,171,32,81.25,1.752,2.103,0,0
9,999,9,10,11,1.16,347,27,81.25,1.752,2.103,0,0
17,999,17,4,4,0.15,80,8,81.25,1.752,2.103,0,0
15,66,49,1,39,1.41,174,70,81.25,1.752,2.103,0,0
36,24,36,61,56,2.25,540,123,81.25,1.752,2.103,1,0
7,999,7,7,7,0.28,212,24,81.25,1.752,2.103,0,0
13,999,13,10,9,0.74,772,39,81.25,1.752,2.103,4,7
20,999,20,120,114,2.95,661,119,81.25,1.752,2.103,4,6
25,350,25,10,10,0.75,667,38,81.25,1.752,2.103,0,0
20,999,20,18,17,0.9,828,30,81.25,1.752,2.103,0,0
24,44,24,69,62,4.36,634,69,81.25,1.752,2.103,3,0
7,999,26,28,26,1.4,388,16,81.25,1.752,2.103,0,0
7,175,7,5,5,0.3,75,5,81.25,1.752,2.103,0,0
38,350,38,96,76,2.85,1683,211,81.25,1.752,2.103,4,6
12,250,36,24,23,0.98,767,19,81.25,1.752,2.103,0,0
12,125,12,68,56,2.85,486,47,81.25,1.752,2.103,1,0
16,999,16,6,5,0.45,164,28,81.25,1.752,2.103,0,0
22,350,22,28,23,0.9,260,41,81.25,1.752,2.103,0,0
16,350,16,48,42,1.2,437,83,81.25,1.752,2.103,0,0
1,999,1,21,16,0.7,417,58,81.25,1.752,2.103,0,0
4,250,37,42,38,2.4,856,64,81.25,1.752,2.103,0,0
1,999,1,4,3,0.28,57,1,81.25,1.752,2.103,0,0
10,999,10,40,30,0.84,2161,14,81.25,1.752,2.103,146,158
5,999,5,7,7,0.14,532,3,81.25,1.752,2.103,0,0
34,78,46,32,29,2.11,303,10,81.25,1.752,2.103,0,0
10,999,37,95,89,3.51,431,35,81.25,1.752,2.103,13,1
9,999,9,54,50,2.25,681,78,81.25,1.752,2.103,2,3
27,350,26,35,27,1.4,554,31,81.25,1.752,2.103,0,0
13,999,13,26,24,0.84,579,6,81.25,1.752,2.103,1,1
4,250,39,18,17,1.26,318,9,81.25,1.752,2.103,0,0
10,175,10,15,12,0.28,294,34,81.25,1.752,2.103,0,0
20,250,20,53,47,3.75,189,2,81.25,1.752,2.103,0,0
41,350,33,16,15,0.56,673,74,81.25,1.752,2.103,6,0
51,175,41,10,9,0.9,300,4,81.25,1.752,2.103,0,0
1,125,9,34,34,0.42,352,37,81.25,1.752,2.103,0,0
24,999,24,7,8,0.28,216,15,81.25,1.752,2.103,0,0
7,999,7,30,28,1.4,476,4,81.25,1.752,2.103,0,0
5,999,5,10,10,0.45,181,24,81.25,1.752,2.103,0,0
18,71,13,31,11,1.4,126,8,81.25,1.752,2.103,0,0
9,999,12,3,4,0.2,269,4,81.25,1.752,2.103,0,0
25,125,17,48,48,1.2,523,84,81.25,1.752,2.103,2,3
6,999,6,11,9,0.7,705,14,81.25,1.752,2.103,0,0
12,450,14,15,15,1.35,194,11,81.25,1.752,2.103,0,0
15,250,15,10,10,0.3,158,19,81.25,1.752,2.103,0,0
11,999,11,23,22,1.5,433,122,81.25,1.752,2.103,1,2
29,250,29,47,36,2.55,820,38,81.25,1.752,2.103,0,0
6,999,6,9,10,0.7,256,24,81.25,1.752,2.103,0,0
6,999,6,12,11,0.3,284,18,81.25,1.752,2.103,0,0
6,999,31,11,11,0.7,130,5,81.25,1.752,2.103,0,0
41,79,41,107,85,4.21,697,47,81.25,1.752,2.103,0,0
15,999,15,52,46,1.65,381,22,81.25,1.752,2.103,0,0
5,999,5,28,27,1.12,1846,11,81.25,1.752,2.103,1,1
8,250,8,18,18,0.28,198,5,81.25,1.752,2.103,0,0
11,47,11,28,26,1.2,177,24,81.25,1.752,2.103,0,0
51,999,51,28,23,1.26,249,33,81.25,1.752,2.103,0,0
22,999,22,12,12,0.6,746,18,81.25,1.752,2.103,0,0
3,450,3,4,3,0.28,338,15,81.25,1.752,2.103,0,0
1,999,1,13,11,0.6,451,14,81.25,1.752,2.103,0,0
6,999,6,29,28,1.4,188,33,81.25,1.752,2.103,0,0
10,999,10,44,36,1.12,736,11,81.25,1.752,2.103,0,0
18,999,18,9,8,0.45,1001,39,81.25,1.752,2.103,0,0
10,175,10,6,6,0.3,77,6,81.25,1.752,2.103,0,0
19,350,19,38,36,1.97,267,19,81.25,1.752,2.103,0,0
11,999,11,33,28,0.84,135,28,81.25,1.752,2.103,10,0
19,350,62,35,35,1.82,151,31,81.25,1.752,2.103,0,0
8,125,8,6,6,0.3,207,1,81.25,1.752,2.103,0,0
20,999,20,27,22,0.7,538,49,81.25,1.752,2.103,0,0
12,999,12,12,12,0.7,336,25,81.25,1.752,2.103,0,0
3,999,3,11,12,0.56,522,7,81.25,1.752,2.103,0,0
6,999,6,49,51,3,234,39,81.25,1.752,2.103,10,0
54,999,54,4,4,0.45,110,18,81.25,1.752,2.103,0,0
30,999,30,4,4,0.3,512,8,81.25,1.752,2.103,0,0
19,999,19,64,59,1.65,79,59,81.25,1.752,2.103,0,0
14,24,14,56,55,1.54,842,115,81.25,1.752,2.103,1,1
17,999,17,13,12,0.28,652,5,81.25,1.752,2.103,0,0
4,999,26,18,17,0.75,266,37,81.25,1.752,2.103,0,0
19,999,19,25,25,1.68,225,19,81.25,1.752,2.103,0,0
6,999,35,42,41,1.68,137,14,81.25,1.752,2.103,0,0
12,33,12,9,11,0.45,302,33,81.25,1.752,2.103,9,0
2,350,38,21,21,1.05,138,20,81.25,1.752,2.103,0,0
26,999,26,0,0,0,62,3,81.25,1.752,2.103,0,0
9,73,9,26,26,0.75,312,15,81.25,1.752,2.103,0,2
16,999,16,0,0,0,307,14,81.25,1.752,2.103,0,0
19,175,19,33,29,1.33,350,86,81.25,1.752,2.103,0,0
39,450,13,61,64,1.8,128,7,81.25,1.752,2.103,0,0
15,999,41,53,49,1.35,1602,127,81.25,1.752,2.103,12,3
22,88,22,67,64,2.25,341,1,81.25,1.752,2.103,0,0
1,85,14,14,12,0.84,131,20,81.25,1.752,2.103,1,1
13,29,13,13,13,0.7,602,18,81.25,1.752,2.103,0,0
39,999,39,26,26,0.75,448,41,81.25,1.752,2.103,3,0
17,250,17,66,58,2.39,495,10,81.25,1.752,2.103,0,0
10,999,10,56,56,3.15,87,3,81.25,1.752,2.103,0,0
12,999,12,15,12,1.05,984,46,81.25,1.752,2.103,0,0
9,999,9,45,37,1.65,498,51,81.25,1.752,2.103,0,0
19,999,19,42,42,0.75,1267,78,81.25,1.752,2.103,0,0
17,175,32,68,67,3.75,530,68,81.25,1.752,2.103,0,0
17,999,17,13,8,0.98,479,58,81.25,1.752,2.103,0,0
14,999,14,33,35,1.26,873,100,81.25,1.752,2.103,0,0
10,999,10,12,12,0.7,528,39,81.25,1.752,2.103,1,1
10,46,37,54,48,1.8,153,13,81.25,1.752,2.103,0,0
16,999,16,58,52,2.11,1154,197,81.25,1.752,2.103,0,0
11,175,32,91,79,2.48,287,16,81.25,1.752,2.103,3,0
9,46,37,110,104,2.4,423,7,81.25,1.752,2.103,0,0
19,999,19,30,24,1.4,259,44,81.25,1.752,2.103,0,0
5,999,28,8,8,0.28,255,1,81.25,1.752,2.103,0,0
16,61,16,150,127,4.06,548,125,81.25,1.752,2.103,3,0
48,61,48,95,90,2.95,2930,50,81.25,1.752,2.103,0,0
29,350,46,60,56,3.09,302,39,81.25,1.752,2.103,0,0
20,999,50,63,59,1.68,299,20,81.25,1.752,2.103,0,0
2,53,32,25,25,1.65,297,9,81.25,1.752,2.103,0,0
24,13,39,19,16,0.7,245,32,81.25,1.752,2.103,0,0
41,999,41,25,92,1.22,1190,40,81.25,1.752,2.103,0,0
37,999,37,3,0,0.2,188,1,81.25,1.752,2.103,0,0
17,42,17,21,21,0.75,1309,56,81.25,1.752,2.103,1,1
7,999,7,7,7,0.14,657,7,81.25,1.752,2.103,0,0
23,125,23,45,40,1.95,212,24,81.25,1.752,2.103,0,0
15,125,24,11,9,0.3,371,23,81.25,1.752,2.103,0,0
4,450,25,18,20,0.14,102,2,81.25,1.752,2.103,0,0
33,30,33,6,5,0.28,418,23,81.25,1.752,2.103,0,0
13,999,32,26,23,1.05,896,1,81.25,1.752,2.103,0,0
16,999,16,30,27,1.5,587,32,81.25,1.752,2.103,0,0
10,999,10,13,11,0.98,104,1,81.25,1.752,2.103,0,0
10,999,10,11,10,0.45,376,3,81.25,1.752,2.103,0,0
25,999,25,54,52,0.98,256,26,81.25,1.752,2.103,2,3
32,999,32,27,29,1.26,592,33,81.25,1.752,2.103,0,0
1,58,21,23,21,0.9,465,35,81.25,1.752,2.103,0,0
21,66,21,6,6,0.14,288,13,81.25,1.752,2.103,0,0
41,999,13,15,16,0.84,879,36,81.25,1.752,2.103,0,0
15,250,15,21,21,0.45,324,3,81.25,1.752,2.103,0,0
8,999,8,5,5,0.3,473,6,81.25,1.752,2.103,0,0
2,30,2,46,46,0.14,574,2,81.25,1.752,2.103,0,0
7,999,7,20,20,0.3,456,17,81.25,1.752,2.103,1,1
24,125,24,17,18,1.54,757,30,81.25,1.752,2.103,0,0
3,999,3,38,34,0.98,655,1,81.25,1.752,2.103,0,0
14,175,28,70,66,1.4,2105,106,81.25,1.752,2.103,0,0
25,125,25,43,44,2.25,521,41,81.25,1.752,2.103,0,0
17,999,17,7,7,0.45,815,42,81.25,1.752,2.103,0,0
18,999,40,15,14,0.28,394,26,81.25,1.752,2.103,0,0
24,450,24,9,9,1.05,124,15,81.25,1.752,2.103,0,0
27,350,27,11,8,0.28,1063,45,81.25,1.752,2.103,0,0
10,84,10,5,4,0.45,457,27,81.25,1.752,2.103,0,0
13,450,36,50,45,0.98,1328,106,81.25,1.752,2.103,1,1
11,999,11,70,61,2.1,1202,144,81.25,1.752,2.103,2,3
1,350,21,36,34,0.9,1200,85,81.25,1.752,2.103,1,1
19,175,44,80,71,3.45,1399,63,81.25,1.752,2.103,0,0
6,175,6,14,13,0.75,1006,34,81.25,1.752,2.103,0,0
25,125,25,19,19,1.35,607,55,81.25,1.752,2.103,0,0
5,999,12,37,36,1.95,347,15,81.25,1.752,2.103,1,1
6,999,6,6,6,0.6,148,9,81.25,1.752,2.103,0,0
17,125,44,24,22,0.7,772,52,81.25,1.752,2.103,0,0
3,250,8,11,11,0.15,331,4,81.25,1.752,2.103,0,0
14,999,14,35,34,0.9,694,38,81.25,1.752,2.103,0,0
10,54,26,20,20,1.05,397,9,81.25,1.752,2.103,0,0
11,65,33,62,56,2.25,749,54,81.25,1.752,2.103,18,18
35,175,35,18,17,1.5,472,16,81.25,1.752,2.103,0,0
3,999,3,10,7,0.9,679,29,81.25,1.752,2.103,1,1
8,350,38,55,50,1.82,611,23,81.25,1.752,2.103,6,10
5,65,5,10,10,0.28,632,6,81.25,1.752,2.103,9,0
2,999,8,10,5,0.45,923,5,81.25,1.752,2.103,1,1
16,999,16,6,7,0.3,460,25,81.25,1.752,2.103,0,0
3,999,3,14,11,0.9,414,24,81.25,1.752,2.103,0,0
11,999,11,25,22,0.9,283,11,81.25,1.752,2.103,0,0
18,250,41,16,18,0.75,539,24,81.25,1.752,2.103,0,0
1,250,1,10,2,0.45,406,36,81.25,1.752,2.103,0,0
1,93,1,18,17,1.2,163,2,81.25,1.752,2.103,0,0
2,999,28,87,84,2.83,1796,241,46.528,1.091,1.608,0,0
12,350,12,36,31,2,298,31,46.528,1.091,1.608,0,0
15,125,15,87,88,3.33,132,0,46.528,1.091,1.608,0,0
5,999,1,106,98,6.3,584,184,46.528,1.091,1.608,3,4
1,999,1,7,5,0.16,407,25,46.528,1.091,1.608,1,1
9,999,9,21,19,0.83,1652,81,46.528,1.091,1.608,2,2
34,350,34,39,36,1.5,588,91,46.528,1.091,1.608,0,0
6,91,28,95,81,3.49,847,78,46.528,1.091,1.608,2,4
6,999,6,9,10,0.33,1239,27,46.528,1.091,1.608,0,0
1,91,1,1,1,0.17,804,16,46.528,1.091,1.608,0,0
23,91,34,4,4,0.33,543,50,46.528,1.091,1.608,0,0
3,55,3,38,36,1.16,227,34,46.528,1.091,1.608,0,0
14,91,14,13,13,0.33,424,17,46.528,1.091,1.608,0,0
3,999,17,19,18,1.49,1110,19,46.528,1.091,1.608,3,0
6,55,6,30,17,1.66,3276,17,46.528,1.091,1.608,3,0
27,450,44,27,23,0.81,265,11,46.528,1.091,1.608,0,0
4,999,14,9,7,0.67,621,15,46.528,1.091,1.608,0,0
37,999,37,15,14,0.67,248,8,46.528,1.091,1.608,0,0
21,80,21,34,34,1.78,633,58,46.528,1.091,1.608,0,0
4,250,5,17,14,1,913,22,46.528,1.091,1.608,3,0
13,125,13,14,9,0.97,272,42,46.528,1.091,1.608,0,0
19,91,34,15,16,1.16,210,52,46.528,1.091,1.608,0,0
1,91,18,20,20,0.65,861,2,46.528,1.091,1.608,0,0
3,41,3,5,3,0.25,972,50,46.528,1.091,1.608,0,0
49,999,49,1,0,0.1,221,11,46.528,1.091,1.608,0,0
3,44,3,10,12,0.4,215,31,46.528,1.091,1.608,0,0
6,450,6,28,26,1.45,682,44,46.528,1.091,1.608,0,0
17,250,17,28,7,0.97,615,53,46.528,1.091,1.608,0,0
7,83,7,54,47,1.83,573,107,46.528,1.091,1.608,0,0
24,91,24,27,24,0.67,143,43,46.528,1.091,1.608,0,0
14,91,14,10,8,0.67,630,35,46.528,1.091,1.608,0,0
11,999,11,5,5,0.17,726,32,46.528,1.091,1.608,0,0
1,55,1,7,5,0.17,771,24,46.528,1.913,2.051,0,0
1,350,14,25,24,1.66,952,51,46.528,1.913,2.051,11,15
1,450,2,4,2,0.2,781,43,46.528,1.913,2.051,0,0
29,350,29,61,53,1.66,1607,278,46.528,1.913,2.051,12,16
2,999,2,31,28,0.5,1624,182,46.528,1.913,2.051,0,0
20,350,20,65,62,3.49,1479,101,46.528,1.913,2.051,0,0
9,999,9,26,19,0.33,2186,53,46.528,1.913,2.051,0,0
17,83,7,25,21,1.5,1550,109,46.528,1.913,2.051,1,1
7,999,7,53,46,1.83,371,41,46.528,1.913,2.051,0,0
8,999,17,21,17,1,2172,46,46.528,1.913,2.051,3,0
26,999,26,24,24,0.5,833,39,46.528,1.913,2.051,0,0
6,999,6,15,11,1,510,47,46.528,1.913,2.051,0,0
3,83,3,69,66,2.09,1451,96,78.169,1.913,2.051,31,0
1,83,1,10,9,0.68,619,27,78.169,1.913,2.051,0,0
22,999,22,9,8,0.69,559,7,78.169,1.913,2.051,0,0
4,78,26,14,12,0.86,596,39,78.169,1.913,2.051,0,0
8,999,8,12,7,0.77,495,4,78.169,1.913,2.051,0,0
1,999,13,9,9,1.03,1050,27,78.169,1.913,2.051,0,0
9,999,9,25,22,1.03,254,27,78.169,1.913,2.051,0,0
1,999,1,20,20,0.69,538,54,78.169,1.913,2.051,0,0
17,88,17,20,15,0.34,605,66,78.169,1.913,2.051,0,0
1,999,1,1,0,0,605,16,78.169,1.913,2.051,0,0
8,55,8,8,5,0.17,1694,68,78.169,1.913,2.051,58,0
5,125,27,26,22,0.69,799,52,78.169,1.913,2.051,0,0
1,250,1,11,11,1.03,1087,3,78.169,1.913,2.051,0,0
6,999,6,18,18,1.37,734,46,78.169,1.913,2.051,0,0
10,999,10,42,45,1.2,2012,44,78.169,1.913,2.051,0,0
12,999,12,101,85,4.12,1482,126,78.169,1.913,2.051,4,1
8,250,8,91,27,3.75,2983,26,78.169,1.913,2.051,3,0
2,350,2,12,12,0.86,1283,33,78.169,1.913,2.051,0,0
4,999,4,29,25,0.69,823,76,78.169,1.913,2.051,0,0
13,125,13,25,22,1.72,1720,25,78.169,1.913,2.051,5,5
1,999,1,1,1,0,294,25,78.169,1.913,2.051,0,0
8,350,5,151,131,4.98,2323,345,78.169,1.913,2.051,7,11
34,350,34,76,66,4.3,2075,289,78.169,1.913,2.051,12,2
1,999,1,2,2,0.15,608,31,78.169,1.913,2.051,0,0
16,999,16,17,13,0.86,649,18,78.169,1.913,2.051,0,0
9,999,9,20,13,0.86,3028,63,78.169,1.913,2.051,0,0
7,350,17,21,19,0.69,2863,52,78.169,1.913,2.051,0,0
1,999,13,23,21,0.86,1941,61,78.169,1.913,2.051,51,7
15,999,46,68,65,3.09,737,66,78.169,1.913,2.051,1,2
19,999,19,8,6,0.34,219,43,78.169,1.913,2.051,0,0
14,999,14,18,18,1.37,782,40,78.169,1.913,2.051,0,0
7,350,9,20,19,1.2,751,62,78.169,1.913,2.051,0,0
13,999,13,7,8,0.52,489,55,78.169,1.913,2.051,0,0
5,999,27,59,50,2.06,575,58,78.169,1.913,2.051,12,3
1,999,1,9,8,0.52,986,69,78.169,1.913,2.051,0,0
16,999,16,21,19,1.55,648,46,78.169,1.913,2.051,0,0
7,999,7,0,0,0,0,0,78.169,1.913,2.051,0,0
37,999,37,27,24,1.55,560,54,78.169,1.913,2.051,0,0
5,999,5,29,25,2.06,462,36,78.169,1.913,2.051,0,0
1,999,1,54,40,1.89,687,71,78.169,1.913,2.051,0,0
3,999,3,16,13,0.6,316,39,78.169,1.913,2.051,0,0
7,999,7,21,24,0.86,378,58,78.169,1.913,2.051,1,1
13,350,13,18,15,0.34,640,24,78.169,1.913,2.051,0,0
8,999,8,27,24,1.72,464,100,78.169,1.913,2.051,0,0
10,55,10,26,24,2.23,746,93,78.169,1.913,2.051,2,2
32,999,32,22,17,1.37,413,89,78.169,1.913,2.051,0,0
7,350,7,11,10,0.69,307,31,78.169,1.913,2.051,0,0
4,78,26,31,24,1.7,1354,127,78.169,1.913,2.051,1,1
34,999,34,15,12,1.03,917,37,78.169,1.913,2.051,0,0
4,999,4,49,42,3.75,923,84,78.169,1.913,2.051,3,0
8,250,11,39,35,1.55,243,66,78.169,1.913,2.051,0,0
46,350,46,81,72,3.26,1130,182,78.169,1.913,2.051,2,4
9,250,9,7,5,0.17,682,42,78.169,1.913,2.051,0,0
18,999,18,17,13,0.52,599,50,78.169,1.913,2.051,11,11
4,350,13,13,10,1.03,2188,55,78.169,1.913,2.051,0,0
17,125,17,9,6,0.52,230,14,78.169,1.913,2.051,0,0
6,250,6,14,13,0.34,231,17,78.169,1.913,2.051,0,0
12,250,12,69,58,2.92,983,145,78.169,1.913,2.051,0,0
8,999,8,11,10,0.52,1094,50,78.169,1.913,2.051,0,0
9,350,9,40,38,0.86,1103,73,78.169,1.913,2.051,0,0
15,999,15,27,19,1.55,621,21,78.169,1.913,2.051,0,0
10,55,10,28,20,2.04,944,148,78.169,1.913,2.051,2,2
7,999,7,19,16,1.02,574,46,78.169,1.913,2.051,0,0
21,175,21,1,2,0,171,17,78.169,1.913,2.051,0,0
6,999,1,22,22,0.34,287,64,78.169,1.913,2.051,0,0
5,350,5,2,0,0,641,33,78.169,1.913,2.051,0,0
3,999,3,13,14,1.19,484,17,78.169,1.913,2.051,0,0
16,83,16,5,4,0.28,3309,46,78.169,1.913,2.051,3,0
1,999,1,15,12,0.85,1251,41,78.169,1.913,2.051,0,0
16,999,16,10,9,0.68,762,33,78.169,1.913,2.051,0,0
26,999,26,17,12,1.02,1089,37,78.169,1.913,2.051,0,0
3,999,3,6,4,0.51,377,12,78.169,1.913,2.051,40,0
4,83,4,6,5,0.51,714,42,78.169,1.913,2.051,0,0
2,999,2,9,9,0.68,588,29,78.169,1.913,2.051,0,0
37,999,37,36,25,1.87,2062,71,78.169,1.913,2.051,0,0
9,999,9,19,18,0.34,1048,46,78.169,1.913,2.051,0,0
6,999,5,23,14,1.53,749,36,78.169,1.913,2.051,8,0
1,999,1,15,13,1.53,1170,36,78.169,1.913,2.051,1,1
